2023-08-29 20:08:55.715,0
2023-08-29 20:08:55.715,0
2023-08-29 20:08:55.719,0
2023-08-29 20:08:55.719,0
2023-08-29 20:08:55.725,0
2023-08-29 20:08:55.725,0
2023-08-29 20:08:55.735,0
2023-08-29 20:08:55.735,0
2023-08-29 20:08:55.742,0
2023-08-29 20:08:55.751,0
2023-08-29 20:08:55.751,0
2023-08-29 20:08:55.762,0
2023-08-29 20:08:55.762,0
2023-08-29 20:08:55.767,0
2023-08-29 20:08:55.767,0
2023-08-29 20:08:55.779,0
2023-08-29 20:08:55.779,0
2023-08-29 20:08:55.795,0
2023-08-29 20:08:55.795,0
2023-08-29 20:08:55.795,0
2023-08-29 20:08:55.804,0
2023-08-29 20:08:55.812,0
2023-08-29 20:08:55.812,0
2023-08-29 20:08:55.818,0
2023-08-29 20:08:55.818,0
2023-08-29 20:08:55.830,0
2023-08-29 20:08:55.831,0
2023-08-29 20:08:55.840,0
2023-08-29 20:08:55.840,0
2023-08-29 20:08:55.849,0
2023-08-29 20:08:55.858,0
2023-08-29 20:08:55.858,0
2023-08-29 20:08:55.867,0
2023-08-29 20:08:55.867,0
2023-08-29 20:08:55.875,0
2023-08-29 20:08:55.875,0
2023-08-29 20:08:55.890,0
2023-08-29 20:08:55.890,0
2023-08-29 20:08:55.890,0
2023-08-29 20:08:55.900,0
2023-08-29 20:08:55.900,0
2023-08-29 20:08:55.908,0
2023-08-29 20:08:55.918,0
2023-08-29 20:08:55.918,0
2023-08-29 20:08:55.927,0
2023-08-29 20:08:55.927,0
2023-08-29 20:08:55.936,0
2023-08-29 20:08:55.936,0
2023-08-29 20:08:55.945,0
2023-08-29 20:08:55.945,0
2023-08-29 20:08:55.954,0
2023-08-29 20:08:55.960,0
2023-08-29 20:08:55.960,0
2023-08-29 20:08:55.972,0
2023-08-29 20:08:55.972,0
2023-08-29 20:08:55.988,0
2023-08-29 20:08:55.988,0
2023-08-29 20:08:55.988,0
2023-08-29 20:08:55.995,0
2023-08-29 20:08:55.996,0
2023-08-29 20:08:56.001,0
2023-08-29 20:08:56.001,0
2023-08-29 20:08:56.013,0
2023-08-29 20:08:56.018,0
2023-08-29 20:08:56.018,0
2023-08-29 20:08:56.028,0
2023-08-29 20:08:56.028,0
2023-08-29 20:08:56.040,0
2023-08-29 20:08:56.040,0
2023-08-29 20:08:56.049,0
2023-08-29 20:08:56.049,0
2023-08-29 20:08:56.057,0
2023-08-29 20:08:56.071,0
2023-08-29 20:08:56.071,0
2023-08-29 20:08:56.082,0
2023-08-29 20:08:56.082,0
2023-08-29 20:08:56.082,0
2023-08-29 20:08:56.092,0
2023-08-29 20:08:56.092,0
2023-08-29 20:08:56.097,0
2023-08-29 20:08:56.097,0
2023-08-29 20:08:56.107,0
2023-08-29 20:08:56.107,0
2023-08-29 20:08:56.117,0
2023-08-29 20:08:56.128,0
2023-08-29 20:08:56.128,0
2023-08-29 20:08:56.136,0
2023-08-29 20:08:56.136,0
2023-08-29 20:08:56.146,0
2023-08-29 20:08:56.146,0
2023-08-29 20:08:56.154,0
2023-08-29 20:08:56.154,0
2023-08-29 20:08:56.169,0
2023-08-29 20:08:56.178,0
2023-08-29 20:08:56.178,0
2023-08-29 20:08:56.178,0
2023-08-29 20:08:56.188,0
2023-08-29 20:08:56.189,0
2023-08-29 20:08:56.195,0
2023-08-29 20:08:56.195,0
2023-08-29 20:08:56.204,0
2023-08-29 20:08:56.204,0
2023-08-29 20:08:56.210,0
2023-08-29 20:08:56.210,0
2023-08-29 20:08:56.224,4
2023-08-29 20:08:56.233,1
2023-08-29 20:08:56.233,7
2023-08-29 20:08:56.242,10
2023-08-29 20:08:56.242,12
2023-08-29 20:08:56.250,14
2023-08-29 20:08:56.250,14
2023-08-29 20:08:56.266,17
2023-08-29 20:08:56.267,19
2023-08-29 20:08:56.275,21
2023-08-29 20:08:56.275,22
2023-08-29 20:08:56.275,23
2023-08-29 20:08:56.285,24
2023-08-29 20:08:56.292,25
2023-08-29 20:08:56.292,26
2023-08-29 20:08:56.300,26
2023-08-29 20:08:56.300,27
2023-08-29 20:08:56.310,26
2023-08-29 20:08:56.310,27
2023-08-29 20:08:56.319,27
2023-08-29 20:08:56.319,28
2023-08-29 20:08:56.329,28
2023-08-29 20:08:56.338,28
2023-08-29 20:08:56.338,28
2023-08-29 20:08:56.347,29
2023-08-29 20:08:56.347,29
2023-08-29 20:08:56.361,28
2023-08-29 20:08:56.361,29
2023-08-29 20:08:56.361,29
2023-08-29 20:08:56.370,30
2023-08-29 20:08:56.370,29
2023-08-29 20:08:56.380,29
2023-08-29 20:08:56.380,30
2023-08-29 20:08:56.388,29
2023-08-29 20:08:56.397,29
2023-08-29 20:08:56.397,30
2023-08-29 20:08:56.407,29
2023-08-29 20:08:56.407,30
2023-08-29 20:08:56.416,29
2023-08-29 20:08:56.416,30
2023-08-29 20:08:56.425,30
2023-08-29 20:08:56.425,29
2023-08-29 20:08:56.434,30
2023-08-29 20:08:56.440,30
2023-08-29 20:08:56.440,29
2023-08-29 20:08:56.458,30
2023-08-29 20:08:56.458,29
2023-08-29 20:08:56.458,30
2023-08-29 20:08:56.467,30
2023-08-29 20:08:56.467,29
2023-08-29 20:08:56.476,30
2023-08-29 20:08:56.477,29
2023-08-29 20:08:56.484,30
2023-08-29 20:08:56.484,30
2023-08-29 20:08:56.494,29
2023-08-29 20:08:56.503,30
2023-08-29 20:08:56.503,29
2023-08-29 20:08:56.511,30
2023-08-29 20:08:56.511,30
2023-08-29 20:08:56.521,29
2023-08-29 20:08:56.521,29
2023-08-29 20:08:56.530,30
2023-08-29 20:08:56.530,30
2023-08-29 20:08:56.537,29
2023-08-29 20:08:56.551,30
2023-08-29 20:08:56.551,29
2023-08-29 20:08:56.551,30
2023-08-29 20:08:56.562,30
2023-08-29 20:08:56.562,29
2023-08-29 20:08:56.572,30
2023-08-29 20:08:56.572,29
2023-08-29 20:08:56.581,30
2023-08-29 20:08:56.581,30
2023-08-29 20:08:56.590,29
2023-08-29 20:08:56.591,30
2023-08-29 20:08:56.598,29
2023-08-29 20:08:56.607,30
2023-08-29 20:08:56.607,29
2023-08-29 20:08:56.617,30
2023-08-29 20:08:56.617,29
2023-08-29 20:08:56.626,30
2023-08-29 20:08:56.626,30
2023-08-29 20:08:56.634,29
2023-08-29 20:08:56.634,30
2023-08-29 20:08:56.650,30
2023-08-29 20:08:56.650,29
2023-08-29 20:08:56.650,30
2023-08-29 20:08:56.657,30
2023-08-29 20:08:56.668,29
2023-08-29 20:08:56.668,30
2023-08-29 20:08:56.676,30
2023-08-29 20:08:56.676,29
2023-08-29 20:08:56.682,30
2023-08-29 20:08:56.682,30
2023-08-29 20:08:56.695,29
2023-08-29 20:08:56.695,30
2023-08-29 20:08:56.704,29
2023-08-29 20:08:56.713,30
2023-08-29 20:08:56.713,30
2023-08-29 20:08:56.722,29
2023-08-29 20:08:56.722,30
2023-08-29 20:08:56.729,29
2023-08-29 20:08:56.729,30
2023-08-29 20:08:56.745,29
2023-08-29 20:08:56.745,30
2023-08-29 20:08:56.745,29
2023-08-29 20:08:56.755,30
2023-08-29 20:08:56.755,29
2023-08-29 20:08:56.764,30
2023-08-29 20:08:56.769,29
2023-08-29 20:08:56.769,29
2023-08-29 20:08:56.780,30
2023-08-29 20:08:56.780,29
2023-08-29 20:08:56.789,30
2023-08-29 20:08:56.789,29
2023-08-29 20:08:56.798,29
2023-08-29 20:08:56.798,30
2023-08-29 20:08:56.809,29
2023-08-29 20:08:56.818,30
2023-08-29 20:08:56.818,29
2023-08-29 20:08:56.832,30
2023-08-29 20:08:56.832,29
2023-08-29 20:08:56.842,29
2023-08-29 20:08:56.842,30
2023-08-29 20:08:56.842,29
2023-08-29 20:08:56.851,30
2023-08-29 20:08:56.851,29
2023-08-29 20:08:56.860,29
2023-08-29 20:08:56.860,30
2023-08-29 20:08:56.867,29
2023-08-29 20:08:56.875,30
2023-08-29 20:08:56.875,29
2023-08-29 20:08:56.882,29
2023-08-29 20:08:56.882,30
2023-08-29 20:08:56.895,29
2023-08-29 20:08:56.895,30
2023-08-29 20:08:56.905,29
2023-08-29 20:08:56.905,30
2023-08-29 20:08:56.914,29
2023-08-29 20:08:56.922,30
2023-08-29 20:08:56.922,29
2023-08-29 20:08:56.936,29
2023-08-29 20:08:56.936,30
2023-08-29 20:08:56.936,29
2023-08-29 20:08:56.946,29
2023-08-29 20:08:56.946,30
2023-08-29 20:08:56.957,29
2023-08-29 20:08:56.957,29
2023-08-29 20:08:56.964,30
2023-08-29 20:08:56.964,29
2023-08-29 20:08:56.972,30
2023-08-29 20:08:56.980,29
2023-08-29 20:08:56.980,30
2023-08-29 20:08:56.991,29
2023-08-29 20:08:56.991,30
2023-08-29 20:08:57.001,29
2023-08-29 20:08:57.001,29
2023-08-29 20:08:57.010,30
2023-08-29 20:08:57.010,29
2023-08-29 20:08:57.025,30
2023-08-29 20:08:57.032,29
2023-08-29 20:08:57.032,30
2023-08-29 20:08:57.032,29
2023-08-29 20:08:57.042,29
2023-08-29 20:08:57.042,30
2023-08-29 20:08:57.053,29
2023-08-29 20:08:57.053,30
2023-08-29 20:08:57.061,29
2023-08-29 20:08:57.061,30
2023-08-29 20:08:57.067,29
2023-08-29 20:08:57.067,30
2023-08-29 20:08:57.081,29
2023-08-29 20:08:57.088,29
2023-08-29 20:08:57.088,30
2023-08-29 20:08:57.096,29
2023-08-29 20:08:57.096,30
2023-08-29 20:08:57.106,29
2023-08-29 20:08:57.106,30
2023-08-29 20:08:57.121,29
2023-08-29 20:08:57.121,30
2023-08-29 20:08:57.130,29
2023-08-29 20:08:57.130,29
2023-08-29 20:08:57.130,30
2023-08-29 20:08:57.139,29
2023-08-29 20:08:57.148,30
2023-08-29 20:08:57.148,29
2023-08-29 20:08:57.153,30
2023-08-29 20:08:57.153,29
2023-08-29 20:08:57.166,29
2023-08-29 20:08:57.166,30
2023-08-29 20:08:57.173,29
2023-08-29 20:08:57.173,30
2023-08-29 20:08:57.184,29
2023-08-29 20:08:57.193,29
2023-08-29 20:08:57.193,30
2023-08-29 20:08:57.202,29
2023-08-29 20:08:57.202,30
2023-08-29 20:08:57.215,29
2023-08-29 20:08:57.215,29
2023-08-29 20:08:57.215,30
2023-08-29 20:08:57.225,29
2023-08-29 20:08:57.225,29
2023-08-29 20:08:57.234,30
2023-08-29 20:08:57.234,29
2023-08-29 20:08:57.245,30
2023-08-29 20:08:57.250,29
2023-08-29 20:08:57.250,30
2023-08-29 20:08:57.261,29
2023-08-29 20:08:57.261,29
2023-08-29 20:08:57.271,30
2023-08-29 20:08:57.271,29
2023-08-29 20:08:57.280,29
2023-08-29 20:08:57.280,30
2023-08-29 20:08:57.289,29
2023-08-29 20:08:57.298,29
2023-08-29 20:08:57.298,30
2023-08-29 20:08:57.313,29
2023-08-29 20:08:57.313,29
2023-08-29 20:08:57.319,30
2023-08-29 20:08:57.319,29
2023-08-29 20:08:57.319,29
2023-08-29 20:08:57.330,30
2023-08-29 20:08:57.330,29
2023-08-29 20:08:57.340,29
2023-08-29 20:08:57.340,30
2023-08-29 20:08:57.347,29
2023-08-29 20:08:57.356,30
2023-08-29 20:08:57.356,29
2023-08-29 20:08:57.367,29
2023-08-29 20:08:57.367,30
2023-08-29 20:08:57.376,29
2023-08-29 20:08:57.376,29
2023-08-29 20:08:57.383,29
2023-08-29 20:08:57.383,30
2023-08-29 20:08:57.394,29
2023-08-29 20:08:57.408,29
2023-08-29 20:08:57.408,30
2023-08-29 20:08:57.418,29
2023-08-29 20:08:57.419,29
2023-08-29 20:08:57.419,30
2023-08-29 20:08:57.426,29
2023-08-29 20:08:57.428,29
2023-08-29 20:08:57.437,29
2023-08-29 20:08:57.437,30
2023-08-29 20:08:57.445,28
2023-08-29 20:08:57.445,29
2023-08-29 20:08:57.453,29
2023-08-29 20:08:57.462,29
2023-08-29 20:08:57.462,30
2023-08-29 20:08:57.470,29
2023-08-29 20:08:57.470,29
2023-08-29 20:08:57.479,29
2023-08-29 20:08:57.479,30
2023-08-29 20:08:57.490,29
2023-08-29 20:08:57.490,29
2023-08-29 20:08:57.505,30
2023-08-29 20:08:57.512,29
2023-08-29 20:08:57.512,29
2023-08-29 20:08:57.512,30
2023-08-29 20:08:57.522,29
2023-08-29 20:08:57.522,29
2023-08-29 20:08:57.532,30
2023-08-29 20:08:57.532,29
2023-08-29 20:08:57.537,29
2023-08-29 20:08:57.537,29
2023-08-29 20:08:57.550,30
2023-08-29 20:08:57.550,29
2023-08-29 20:08:57.558,29
2023-08-29 20:08:57.566,29
2023-08-29 20:08:57.566,29
2023-08-29 20:08:57.577,30
2023-08-29 20:08:57.577,29
2023-08-29 20:08:57.586,29
2023-08-29 20:08:57.586,29
2023-08-29 20:08:57.601,29
2023-08-29 20:08:57.602,29
2023-08-29 20:08:57.602,29
2023-08-29 20:08:57.607,29
2023-08-29 20:08:57.607,30
2023-08-29 20:08:57.618,29
2023-08-29 20:08:57.628,29
2023-08-29 20:08:57.628,30
2023-08-29 20:08:57.639,29
2023-08-29 20:08:57.639,29
2023-08-29 20:08:57.642,28
2023-08-29 20:08:57.642,29
2023-08-29 20:08:57.654,30
2023-08-29 20:08:57.654,29
2023-08-29 20:08:57.665,29
2023-08-29 20:08:57.673,28
2023-08-29 20:08:57.673,29
2023-08-29 20:08:57.682,27
2023-08-29 20:08:57.682,28
2023-08-29 20:08:57.696,27
2023-08-29 20:08:57.696,27
2023-08-29 20:08:57.696,26
2023-08-29 20:08:57.703,27
2023-08-29 20:08:57.703,26
2023-08-29 20:08:57.714,25
2023-08-29 20:08:57.714,26
2023-08-29 20:08:57.724,24
2023-08-29 20:08:57.732,25
2023-08-29 20:08:57.732,24
2023-08-29 20:08:57.741,24
2023-08-29 20:08:57.741,23
2023-08-29 20:08:57.749,23
2023-08-29 20:08:57.749,23
2023-08-29 20:08:57.758,23
2023-08-29 20:08:57.758,22
2023-08-29 20:08:57.769,22
2023-08-29 20:08:57.778,21
2023-08-29 20:08:57.778,22
2023-08-29 20:08:57.791,21
2023-08-29 20:08:57.791,21
2023-08-29 20:08:57.791,20
2023-08-29 20:08:57.801,20
2023-08-29 20:08:57.801,20
2023-08-29 20:08:57.811,20
2023-08-29 20:08:57.811,20
2023-08-29 20:08:57.820,19
2023-08-29 20:08:57.820,19
2023-08-29 20:08:57.829,18
2023-08-29 20:08:57.836,19
2023-08-29 20:08:57.836,18
2023-08-29 20:08:57.847,18
2023-08-29 20:08:57.847,18
2023-08-29 20:08:57.854,17
2023-08-29 20:08:57.854,18
2023-08-29 20:08:57.863,16
2023-08-29 20:08:57.863,17
2023-08-29 20:08:57.874,17
2023-08-29 20:08:57.889,16
2023-08-29 20:08:57.889,16
2023-08-29 20:08:57.889,16
2023-08-29 20:08:57.896,15
2023-08-29 20:08:57.896,16
2023-08-29 20:08:57.906,15
2023-08-29 20:08:57.906,15
2023-08-29 20:08:57.915,15
2023-08-29 20:08:57.917,14
2023-08-29 20:08:57.922,15
2023-08-29 20:08:57.922,14
2023-08-29 20:08:57.932,14
2023-08-29 20:08:57.941,14
2023-08-29 20:08:57.941,13
2023-08-29 20:08:57.948,14
2023-08-29 20:08:57.948,13
2023-08-29 20:08:57.959,13
2023-08-29 20:08:57.959,12
2023-08-29 20:08:57.971,13
2023-08-29 20:08:57.971,12
2023-08-29 20:08:57.985,12
2023-08-29 20:08:57.985,12
2023-08-29 20:08:57.985,12
2023-08-29 20:08:57.991,11
2023-08-29 20:08:58.002,12
2023-08-29 20:08:58.002,11
2023-08-29 20:08:58.012,11
2023-08-29 20:08:58.012,10
2023-08-29 20:08:58.021,11
2023-08-29 20:08:58.021,10
2023-08-29 20:08:58.027,11
2023-08-29 20:08:58.027,10
2023-08-29 20:08:58.037,9
2023-08-29 20:08:58.047,10
2023-08-29 20:08:58.047,9
2023-08-29 20:08:58.055,9
2023-08-29 20:08:58.055,9
2023-08-29 20:08:58.066,9
2023-08-29 20:08:58.066,8
2023-08-29 20:08:58.080,9
2023-08-29 20:08:58.080,8
2023-08-29 20:08:58.080,8
2023-08-29 20:08:58.089,9
2023-08-29 20:08:58.089,7
2023-08-29 20:08:58.098,8
2023-08-29 20:08:58.108,7
2023-08-29 20:08:58.109,8
2023-08-29 20:08:58.117,7
2023-08-29 20:08:58.117,7
2023-08-29 20:08:58.124,7
2023-08-29 20:08:58.124,6
2023-08-29 20:08:58.133,7
2023-08-29 20:08:58.133,6
2023-08-29 20:08:58.142,6
2023-08-29 20:08:58.153,6
2023-08-29 20:08:58.153,6
2023-08-29 20:08:58.162,6
2023-08-29 20:08:58.162,5
2023-08-29 20:08:58.177,6
2023-08-29 20:08:58.177,5
2023-08-29 20:08:58.177,5
2023-08-29 20:08:58.186,5
2023-08-29 20:08:58.186,4
2023-08-29 20:08:58.194,5
2023-08-29 20:08:58.194,4
2023-08-29 20:08:58.205,5
2023-08-29 20:08:58.213,4
2023-08-29 20:08:58.213,4
2023-08-29 20:08:58.220,4
2023-08-29 20:08:58.220,3
2023-08-29 20:08:58.227,4
2023-08-29 20:08:58.227,3
2023-08-29 20:08:58.239,4
2023-08-29 20:08:58.239,3
2023-08-29 20:08:58.249,3
2023-08-29 20:08:58.260,2
2023-08-29 20:08:58.260,3
2023-08-29 20:08:58.271,3
2023-08-29 20:08:58.271,2
2023-08-29 20:08:58.271,2
2023-08-29 20:08:58.282,3
2023-08-29 20:08:58.282,2
2023-08-29 20:08:58.291,1
2023-08-29 20:08:58.291,2
2023-08-29 20:08:58.300,2
2023-08-29 20:08:58.300,1
2023-08-29 20:08:58.308,2
2023-08-29 20:08:58.318,1
2023-08-29 20:08:58.318,1
2023-08-29 20:08:58.327,1
2023-08-29 20:08:58.327,1
2023-08-29 20:08:58.335,0
2023-08-29 20:08:58.335,1
2023-08-29 20:08:58.343,1
2023-08-29 20:08:58.343,0
2023-08-29 20:08:58.356,0
2023-08-29 20:08:58.369,0
2023-08-29 20:08:58.369,0
2023-08-29 20:08:58.369,0
2023-08-29 20:08:58.377,0
2023-08-29 20:08:58.377,0
2023-08-29 20:08:58.387,0
2023-08-29 20:08:58.387,0
2023-08-29 20:08:58.393,0
2023-08-29 20:08:58.396,0
2023-08-29 20:08:58.405,0
2023-08-29 20:08:58.405,0
2023-08-29 20:08:58.412,0
2023-08-29 20:08:58.421,0
2023-08-29 20:08:58.421,0
2023-08-29 20:08:58.428,0
2023-08-29 20:08:58.428,0
2023-08-29 20:08:58.440,0
2023-08-29 20:08:58.440,0
2023-08-29 20:08:58.455,0
2023-08-29 20:08:58.455,0
2023-08-29 20:08:58.455,0
2023-08-29 20:08:58.464,0
2023-08-29 20:08:58.464,0
2023-08-29 20:08:58.471,0
2023-08-29 20:08:58.483,0
2023-08-29 20:08:58.483,0
2023-08-29 20:08:58.492,0
2023-08-29 20:08:58.492,0
2023-08-29 20:08:58.501,0
2023-08-29 20:08:58.501,0
2023-08-29 20:08:58.510,0
2023-08-29 20:08:58.510,0
2023-08-29 20:08:58.519,0
2023-08-29 20:08:58.526,0
2023-08-29 20:08:58.526,0
2023-08-29 20:08:58.535,0
2023-08-29 20:08:58.535,0
2023-08-29 20:08:58.550,0
2023-08-29 20:08:58.550,0
2023-08-29 20:08:58.550,0
2023-08-29 20:08:58.556,0
2023-08-29 20:08:58.556,0
2023-08-29 20:08:58.570,0
2023-08-29 20:08:58.570,0
2023-08-29 20:08:58.578,0
2023-08-29 20:08:58.588,0
2023-08-29 20:08:58.588,0
2023-08-29 20:08:58.595,0
2023-08-29 20:08:58.595,0
2023-08-29 20:08:58.604,0
2023-08-29 20:08:58.604,0
2023-08-29 20:08:58.615,0
2023-08-29 20:08:58.615,0
2023-08-29 20:08:58.620,0
2023-08-29 20:08:58.633,0
2023-08-29 20:08:58.633,0
2023-08-29 20:08:58.648,0
2023-08-29 20:08:58.648,0
2023-08-29 20:08:58.648,0
2023-08-29 20:08:58.659,0
2023-08-29 20:08:58.659,0
2023-08-29 20:08:58.667,0
2023-08-29 20:08:58.667,0
2023-08-29 20:08:58.677,0
2023-08-29 20:08:58.680,0
2023-08-29 20:08:58.686,0
2023-08-29 20:08:58.700,0
2023-08-29 20:08:58.700,0
2023-08-29 20:08:58.706,0
2023-08-29 20:08:58.706,0
2023-08-29 20:08:58.711,0
2023-08-29 20:08:58.711,0
2023-08-29 20:08:58.720,0
2023-08-29 20:08:58.720,0
2023-08-29 20:08:58.730,0
2023-08-29 20:08:58.743,0
2023-08-29 20:08:58.743,0
2023-08-29 20:08:58.743,0
2023-08-29 20:08:58.749,0
2023-08-29 20:08:58.749,0
2023-08-29 20:08:58.759,0
2023-08-29 20:08:58.759,0
2023-08-29 20:08:58.771,0
2023-08-29 20:08:58.771,0
2023-08-29 20:08:58.781,0
2023-08-29 20:08:58.781,0
2023-08-29 20:08:58.791,0
2023-08-29 20:08:58.797,0
2023-08-29 20:08:58.797,0
2023-08-29 20:08:58.807,0
2023-08-29 20:08:58.807,0
2023-08-29 20:08:58.813,0
2023-08-29 20:08:58.813,0
2023-08-29 20:08:58.823,0
2023-08-29 20:08:58.823,0
2023-08-29 20:08:58.839,0
2023-08-29 20:08:58.839,0
2023-08-29 20:08:58.839,0
2023-08-29 20:08:58.849,0
2023-08-29 20:08:58.855,0
2023-08-29 20:08:58.855,0
2023-08-29 20:08:58.869,0
2023-08-29 20:08:58.869,0
2023-08-29 20:08:58.880,0
2023-08-29 20:08:58.880,0
2023-08-29 20:08:58.885,0
2023-08-29 20:08:58.885,0
2023-08-29 20:08:58.895,0
2023-08-29 20:08:58.902,0
2023-08-29 20:08:58.902,0
2023-08-29 20:08:58.910,0
2023-08-29 20:08:58.910,0
2023-08-29 20:08:58.926,0
2023-08-29 20:08:58.926,0
2023-08-29 20:08:58.933,0
2023-08-29 20:08:58.933,0
2023-08-29 20:08:58.933,0
2023-08-29 20:08:58.945,0
2023-08-29 20:08:58.945,0
2023-08-29 20:08:58.954,0
2023-08-29 20:08:58.962,0
2023-08-29 20:08:58.962,0
2023-08-29 20:08:58.973,0
2023-08-29 20:08:58.973,0
2023-08-29 20:08:58.981,0
2023-08-29 20:08:58.981,0
2023-08-29 20:08:58.988,0
2023-08-29 20:08:58.988,0
2023-08-29 20:08:59.000,0
2023-08-29 20:08:59.008,0
2023-08-29 20:08:59.008,0
2023-08-29 20:08:59.020,0
2023-08-29 20:08:59.020,0
2023-08-29 20:08:59.032,0
2023-08-29 20:08:59.032,0
2023-08-29 20:08:59.032,0
2023-08-29 20:08:59.040,0
2023-08-29 20:08:59.040,0
2023-08-29 20:08:59.049,0
2023-08-29 20:08:59.049,0
2023-08-29 20:08:59.059,0
2023-08-29 20:08:59.070,0
2023-08-29 20:08:59.070,0
2023-08-29 20:08:59.076,0
2023-08-29 20:08:59.076,0
2023-08-29 20:08:59.086,0
2023-08-29 20:08:59.086,0
2023-08-29 20:08:59.095,0
2023-08-29 20:08:59.095,0
2023-08-29 20:08:59.103,0
2023-08-29 20:08:59.115,0
2023-08-29 20:08:59.115,0
2023-08-29 20:08:59.126,0
2023-08-29 20:08:59.126,0
2023-08-29 20:08:59.126,0
2023-08-29 20:08:59.136,0
2023-08-29 20:08:59.136,0
2023-08-29 20:08:59.143,0
2023-08-29 20:08:59.143,0
2023-08-29 20:08:59.155,0
2023-08-29 20:08:59.155,0
2023-08-29 20:08:59.164,0
2023-08-29 20:08:59.173,0
2023-08-29 20:08:59.173,0
2023-08-29 20:08:59.181,0
2023-08-29 20:08:59.181,0
2023-08-29 20:08:59.190,0
2023-08-29 20:08:59.190,0
2023-08-29 20:08:59.200,0
2023-08-29 20:08:59.200,0
2023-08-29 20:08:59.215,0
2023-08-29 20:08:59.224,0
2023-08-29 20:08:59.224,0
2023-08-29 20:08:59.224,0
2023-08-29 20:08:59.234,0
2023-08-29 20:08:59.234,0
2023-08-29 20:08:59.239,0
2023-08-29 20:08:59.239,0
2023-08-29 20:08:59.253,0
2023-08-29 20:08:59.253,0
2023-08-29 20:08:59.260,0
2023-08-29 20:08:59.260,0
2023-08-29 20:08:59.266,0
2023-08-29 20:08:59.278,0
2023-08-29 20:08:59.278,0
2023-08-29 20:08:59.287,0
2023-08-29 20:08:59.287,0
2023-08-29 20:08:59.293,0
2023-08-29 20:08:59.293,0
2023-08-29 20:08:59.307,0
2023-08-29 20:08:59.307,0
2023-08-29 20:08:59.307,0
2023-08-29 20:08:59.319,0
2023-08-29 20:08:59.319,0
2023-08-29 20:08:59.329,0
2023-08-29 20:08:59.335,0
2023-08-29 20:08:59.335,0
2023-08-29 20:08:59.346,0
2023-08-29 20:08:59.346,0
2023-08-29 20:08:59.357,0
2023-08-29 20:08:59.357,0
2023-08-29 20:08:59.361,0
2023-08-29 20:08:59.361,0
2023-08-29 20:08:59.372,0
2023-08-29 20:08:59.378,0
2023-08-29 20:08:59.378,0
2023-08-29 20:08:59.389,0
2023-08-29 20:08:59.393,0
2023-08-29 20:08:59.404,0
2023-08-29 20:08:59.404,0
2023-08-29 20:08:59.404,0
2023-08-29 20:08:59.416,0
2023-08-29 20:08:59.416,0
2023-08-29 20:08:59.425,0
2023-08-29 20:08:59.425,0
2023-08-29 20:08:59.432,0
2023-08-29 20:08:59.442,0
2023-08-29 20:08:59.442,0
2023-08-29 20:08:59.453,0
2023-08-29 20:08:59.453,0
2023-08-29 20:08:59.456,0
2023-08-29 20:08:59.456,0
2023-08-29 20:08:59.469,0
2023-08-29 20:08:59.469,0
2023-08-29 20:08:59.478,0
2023-08-29 20:08:59.491,0
2023-08-29 20:08:59.491,0
2023-08-29 20:08:59.500,0
2023-08-29 20:08:59.500,0
2023-08-29 20:08:59.500,0
2023-08-29 20:08:59.509,0
2023-08-29 20:08:59.509,0
2023-08-29 20:08:59.521,0
2023-08-29 20:08:59.521,0
2023-08-29 20:08:59.529,0
2023-08-29 20:08:59.529,0
2023-08-29 20:08:59.539,0
2023-08-29 20:08:59.548,0
2023-08-29 20:08:59.548,0
2023-08-29 20:08:59.554,0
2023-08-29 20:08:59.554,0
2023-08-29 20:08:59.564,0
2023-08-29 20:08:59.564,0
2023-08-29 20:08:59.572,0
2023-08-29 20:08:59.572,0
2023-08-29 20:08:59.586,0
2023-08-29 20:08:59.593,0
2023-08-29 20:08:59.593,0
2023-08-29 20:08:59.600,0
2023-08-29 20:08:59.607,0
2023-08-29 20:08:59.607,0
2023-08-29 20:08:59.616,0
2023-08-29 20:08:59.616,0
2023-08-29 20:08:59.626,0
2023-08-29 20:08:59.626,0
2023-08-29 20:08:59.634,0
2023-08-29 20:08:59.634,0
2023-08-29 20:08:59.645,0
2023-08-29 20:08:59.649,0
2023-08-29 20:08:59.649,0
2023-08-29 20:08:59.660,0
2023-08-29 20:08:59.660,0
2023-08-29 20:08:59.671,0
2023-08-29 20:08:59.671,0
2023-08-29 20:08:59.678,0
2023-08-29 20:08:59.678,0
2023-08-29 20:08:59.694,0
2023-08-29 20:08:59.694,0
2023-08-29 20:08:59.694,0
2023-08-29 20:08:59.702,0
2023-08-29 20:08:59.713,0
2023-08-29 20:08:59.713,0
2023-08-29 20:08:59.720,0
2023-08-29 20:08:59.720,0
2023-08-29 20:08:59.731,0
2023-08-29 20:08:59.731,0
2023-08-29 20:08:59.740,0
2023-08-29 20:08:59.740,0
2023-08-29 20:08:59.743,0
2023-08-29 20:08:59.758,0
2023-08-29 20:08:59.758,0
2023-08-29 20:08:59.766,0
2023-08-29 20:08:59.766,0
2023-08-29 20:08:59.776,0
2023-08-29 20:08:59.776,0
2023-08-29 20:08:59.790,0
2023-08-29 20:08:59.790,0
2023-08-29 20:08:59.790,0
2023-08-29 20:08:59.799,0
2023-08-29 20:08:59.799,0
2023-08-29 20:08:59.808,0
2023-08-29 20:08:59.817,0
2023-08-29 20:08:59.817,0
2023-08-29 20:08:59.826,0
2023-08-29 20:08:59.826,0
2023-08-29 20:08:59.836,0
2023-08-29 20:08:59.836,0
2023-08-29 20:08:59.844,0
2023-08-29 20:08:59.854,0
2023-08-29 20:08:59.854,0
2023-08-29 20:08:59.863,0
2023-08-29 20:08:59.863,0
2023-08-29 20:08:59.873,0
2023-08-29 20:08:59.873,0
2023-08-29 20:08:59.887,0
2023-08-29 20:08:59.887,0
2023-08-29 20:08:59.887,0
2023-08-29 20:08:59.895,0
2023-08-29 20:08:59.895,0
2023-08-29 20:08:59.905,0
2023-08-29 20:08:59.905,0
2023-08-29 20:08:59.912,0
2023-08-29 20:08:59.922,0
2023-08-29 20:08:59.922,0
2023-08-29 20:08:59.932,0
2023-08-29 20:08:59.932,0
2023-08-29 20:08:59.941,0
2023-08-29 20:08:59.941,0
2023-08-29 20:09:00.018,0
